foglio,colonna,ref,marca,modello,versione,motorizzazione,carrozzeria,alimentazione,cambio,trazione,cilindrata,potenza_cv,autonomia_elettrica,prezzo_listino,prezzo_promo,sconto,stato,nota_estrazione,da_verificare,codice_riferimento,co2,consumo_wltp,porte,riga_listino
FORD BLUE,6,puma-titanium-1-0-mhev-125cv,Ford,Puma,TITANIUM,1.0 MHEV 125CV,SUV compatto,ibrido,,,1000,125,,28250,22250,6000,pubblica,"blocco ""VANTAGGIO SETTEMBRE""",,BAAX,135,6.0,5,"BAAX 1.0 EcoBoost Hybrid 5 porte 92 kW 125 CV Ibrido/Benzina Transmissione manuale a 6 rapporti EURO 6.2 122-135 5.4-6 22.396,41 2"
FORD BLUE,7,puma-st-line-1-0-mhev-125cv,Ford,Puma,ST-LINE,1.0 MHEV 125CV,SUV compatto,ibrido,,,1000,125,,29250,23250,6000,pubblica,"blocco ""VANTAGGIO SETTEMBRE""",,BAA0,135,6.0,5,"BAA0 1.0 EcoBoost Hybrid 5 porte 92 kW 125 CV Ibrido/Benzina Transmissione manuale a 6 rapporti EURO 6.2 122-135 5.4-6 23.216,08 2"
FORD BLUE,8,puma-st-line-x-1-0-mhev-125cv,Ford,Puma,ST-LINE X,1.0 MHEV 125CV,SUV compatto,ibrido,,,1000,125,,31350,25350,6000,pubblica,"blocco ""VANTAGGIO SETTEMBRE""",,BAA3,135,6.0,5,"BAA3 1.0 EcoBoost Hybrid 5 porte 92 kW 125 CV Ibrido/Benzina Transmissione manuale a 6 rapporti EURO 6.2 122-135 5.4-6 24.937,39 3"
FORD BLUE,6,focus-st-line-active-5p-man-1-0-125-cv-mhev-mhev,Ford,Focus,ST Line/ACTIVE 5P man,1.0 125 CV mHEV,Berlina,ibrido,manuale,,1000,125,,31750,23750,8000,bozza,FOCUS BENZINA MHEV,,,138,6.1,5,"2 allestimenti allo stesso prezzo, presi i soli dati concordi"
FORD BLUE,8,focus-st-line-x-active-x5p-man-1-0-125-cv-mhev-mhev,Ford,Focus,ST Line X / ACTIVE X5P man,1.0 125 CV mHEV,Berlina,ibrido,manuale,,1000,125,,33250,25250,8000,bozza,FOCUS BENZINA MHEV,,,138,6.1,5,"2 allestimenti allo stesso prezzo, presi i soli dati concordi"
FORD BLUE,6,focus-st-line-5p-man-1-5-ecoblue-tdci-115-cv-tdci,Ford,Focus,ST Line 5P man,1.5 EcoBlue TDCi 115 CV,Berlina,diesel,manuale,,1500,115,,35000,27000,8000,bozza,blocco FOCUS TDCI,"motore interpretato: il foglio ripeteva ""1.0 125 CV mHEV"" del blocco benzina",,,,5,"4 allestimenti allo stesso prezzo, presi i soli dati concordi"
FORD BLUE,8,focus-st-line-x-5p-man-1-5-ecoblue-tdci-115-cv-tdci,Ford,Focus,ST Line X 5P man,1.5 EcoBlue TDCi 115 CV,Berlina,diesel,manuale,,1500,115,,36500,28500,8000,bozza,blocco FOCUS TDCI,"motore interpretato: il foglio ripeteva ""1.0 125 CV mHEV"" del blocco benzina",,,,5,"4 allestimenti allo stesso prezzo, presi i soli dati concordi"
FORD BLUE,6,tourneo-courier-titanium-5p-man-1-0-125-cv-mhev,Ford,Tourneo Courier,Titanium 5P man,1.0 125 CV mHEV,Monovolume,ibrido,manuale,,1000,125,,24400,19950,4450,pubblica,PPM con rottamazione (r.86); con permuta r.85,,,,,,
FORD BLUE,7,tourneo-courier-active-5p-man-1-0-125-cv-mhev,Ford,Tourneo Courier,ACTIVE 5P man,1.0 125 CV mHEV,Monovolume,ibrido,manuale,anteriore,1000,125,,27150,22800,4350,pubblica,PPM con rottamazione (r.86); con permuta r.85,,SAA6,159,7.0,,"SAA6 Benzina 1.0 EcoBoost 125 CV 93 kW Trasmissione manuale a 6 rapporti 2WD EURO 6.2 153-159 6,7-7,0 21.507,25 27.150,00"
FORD BLUE,6,kuga-titanium-1-5-ecoboost-150cv-m6-benzina,Ford,Kuga,Titanium,1.5 ECOBOOST 150CV M6,SUV,benzina,manuale,anteriore,1500,150,,36000,27000,9000,pubblica,KUGA BENZINA,,FABC,163,6.4,,"1.5 EcoBoost 150 (110) Manuale a 6 rapporti Anteriore 2WD 6.4 145-163 FABC 28.679,39 36.000,00"
FORD BLUE,7,kuga-st-line-1-5-ecoboost-186cv-a8-benzina,Ford,Kuga,ST Line,1.5 ECOBOOST 186CV A8,SUV,benzina,automatico,anteriore,1500,186,,38500,29500,9000,pubblica,KUGA BENZINA,,FABV,178,6.8,,"1.5 EcoBoost 186 (137) Automatica 8 rapporti (8F35) Anteriore 2WD 6.8 155-178 FABV 30.728,57 38.500,00"
FORD BLUE,8,kuga-st-line-x-1-5-ecoboost-186cv-a8-benzina,Ford,Kuga,ST Line X,1.5 ECOBOOST 186CV A8,SUV,benzina,automatico,anteriore,1500,186,,42000,33000,9000,pubblica,KUGA BENZINA,,,178,,,"2 allestimenti allo stesso prezzo, presi i soli dati concordi"
FORD BLUE,6,kuga-titanium-2-5-auto-fhev,Ford,Kuga,Titanium,2.5 AUTO,SUV,ibrido,automatico,anteriore,2500,,,45250,36250,9000,pubblica,KUGA FHEV,,FABF,71,2.8,,"2.5 Plug In Hybrid 243 (178) Automatica (HF55) Anteriore 2WD 2.8 55-71 FABF 36.261,35 45.250,00"
FORD BLUE,7,kuga-st-line-2-5-auto-fhev,Ford,Kuga,ST Line,2.5 AUTO,SUV,ibrido,automatico,anteriore,2500,,,46750,37750,9000,pubblica,KUGA FHEV,,,,,,"2 allestimenti allo stesso prezzo, presi i soli dati concordi"
FORD BLUE,8,kuga-st-line-x-active-x-2-5-auto-fhev,Ford,Kuga,ST LINE X / ACTIVE X,2.5 AUTO,SUV,ibrido,automatico,anteriore,2500,,,50250,41250,9000,pubblica,KUGA FHEV,,,71,,,"2 allestimenti allo stesso prezzo, presi i soli dati concordi"
FORD BLUE,6,kuga-titanium-2-5-auto-phev,Ford,Kuga,Titanium,2.5 AUTO,SUV,ibrido,automatico,anteriore,2500,,,38750,29750,9000,bozza,KUGA PHEV (plug-in),nessuna riga PPM: prezzo calcolato come listino - TOT SCONTO (r.126),FABE,143,5.3,,"2.5 Full Hybrid 180 (132) Automatica (HF45) Anteriore 2WD 5.3 122-143 FABE 30.933,48 38.750,00"
FORD BLUE,7,kuga-st-line-active-2-5-auto-phev,Ford,Kuga,ST Line /ACTIVE,2.5 AUTO,SUV,ibrido,automatico,anteriore,2500,,,40250,31250,9000,bozza,KUGA PHEV (plug-in),nessuna riga PPM: prezzo calcolato come listino - TOT SCONTO (r.126),FABH,143,5.3,,"2.5 Full Hybrid 180 (132) Automatica (HF45) Anteriore 2WD 5.3 122-143 FABH 32.162,99 40.250,00"
FORD BLUE,8,kuga-st-line-x-active-x-2-5-auto-phev,Ford,Kuga,ST Line X /ACTIVE X,2.5 AUTO,SUV,ibrido,automatico,anteriore,2500,,,43750,34750,9000,bozza,KUGA PHEV (plug-in),nessuna riga PPM: prezzo calcolato come listino - TOT SCONTO (r.126),,143,,,"2 allestimenti allo stesso prezzo, presi i soli dati concordi"
FORD BLUE,4,tourneo-connect-plus-swb-man-1-5-ecoboost-115cv,Ford,Tourneo Connect,Plus SWB Man,1.5 ECOBOOST 115CV,Monovolume,benzina,manuale,,1500,115,,31350,,,pubblica,,,,,,,
FORD BLUE,6,tourneo-connect-plus-swb-man-2-0-ecoblue-102cv,Ford,Tourneo Connect,Plus SWB Man,2.0 ECOBLUE 102CV,Monovolume,diesel,manuale,,2000,102,,32850,27850,5000,pubblica,,,,,,,
FORD BLUE,7,tourneo-connect-plus-swb-man-1-5-phev-150cv,Ford,Tourneo Connect,Plus SWB Man,1.5 PHEV 150CV,Monovolume,ibrido,manuale,,1500,150,,40850,33850,7000,pubblica,,,,,,,
FORD BLUE,8,tourneo-connect-titanium-swb-auto-1-5-ecoboost-115cv,Ford,Tourneo Connect,TITANIUM SWB Auto,1.5 ECOBOOST 115CV,Monovolume,benzina,automatico,,1500,115,,35100,30100,5000,pubblica,,,,,,,
FORD BLUE,9,tourneo-connect-titanium-swb-auto-2-0-ecoblue-122cv,Ford,Tourneo Connect,TITANIUM SWB Auto,2.0 ECOBLUE 122CV,Monovolume,diesel,automatico,,2000,122,,37350,32350,5000,pubblica,,,,,,,
FORD BLUE,10,tourneo-connect-titanium-swb-man-1-5-phev-150cv,Ford,Tourneo Connect,Titanium SWB Man,1.5 PHEV 150CV,Monovolume,ibrido,manuale,,1500,150,,42850,35850,7000,pubblica,,,,,,,
MODEL E,2,e-courier-titanium-168-cv-43-kwh,Ford,E-COURIER,TITANIUM,168 CV 43 kWh,Furgone,elettrico,automatico,,,168,320,35950,29950,6000,pubblica,"modello da riga 7, autonomia da riga 10",,,,,,
MODEL E,4,puma-gen-e-gen-e-168-cv-43-kwh,Ford,PUMA GEN-E,GEN-E,168 CV 43 kWh,SUV compatto,elettrico,automatico,,,168,376,33250,28250,5000,pubblica,"modello da riga 7, autonomia da riga 10",,PXBF,0,,,"Gen-E 100% Elettrico 46 kWh 123.5 (168) 0 13.0 - 19.1 417 PXBF 26.494,77 33.250,00"
MODEL E,6,puma-gen-e-premium-168-cv-43-kwh,Ford,PUMA GEN-E,PREMIUM,168 CV 43 kWh,SUV compatto,elettrico,automatico,,,168,,35500,29500,6000,pubblica,"modello da riga 7, autonomia da riga 10",,,,,,
MODEL E,8,explorer-explorer-sr-170-cv-52-kwh,Ford,EXPLORER,EXPLORER SR,170 CV 52 kWh,SUV,elettrico,automatico,posteriore,,170,378,42000,34000,8000,pubblica,"modello da riga 7, autonomia da riga 10",,EABZ,0,,,"Style Standard Range RWD 58 140 (190) posteriore 0 15,4-17,6 444 EABZ 33.556,43 42.000,00"
MODEL E,11,explorer-explorer-er-286-cv-77-kwh,Ford,EXPLORER,EXPLORER ER,286 CV 77 kWh,SUV,elettrico,automatico,posteriore,,286,602,49000,40000,9000,pubblica,"modello da riga 7, autonomia da riga 10",,EAB0,0,,,"Extended Range RWD 79 210 (286) posteriore 0 16,3-17,3 602 EAB0 39.294,14 49.000,00"
MODEL E,13,capri-capri-sr-170-cv-52-kwh,Ford,CAPRI,Capri SR,170 CV 52 kWh,SUV,elettrico,automatico,,,170,378,44500,35500,9000,pubblica,"modello da riga 7, autonomia da riga 10",,,,,,
MODEL E,15,capri-capri-er-286-cv-77-kwh,Ford,CAPRI,Capri ER,286 CV 77 kWh,SUV,elettrico,automatico,,,286,602,51500,42500,9000,pubblica,"modello da riga 7, autonomia da riga 10",,,,,,
MODEL E,17,capri-premium-er-286-cv-77-kwh,Ford,CAPRI,PREMIUM ER,286 CV 77 kWh,SUV,elettrico,automatico,,,286,,54500,52500,2000,bozza,"modello da riga 7, autonomia da riga 10",riga 7 non copre questa colonna: modello Capri o Mach-E,,,,,
MODEL E,20,capri-premium-rwd-extended-range,Ford,CAPRI,PREMIUM RWD,EXTENDED RANGE,SUV,elettrico,automatico,,,,,68150,57950,10200,bozza,"modello da riga 7, autonomia da riga 10",riga 7 non copre questa colonna: modello Capri o Mach-E,,,,,
MODEL E,21,mach-e-2025-standard-range-standard-range,Ford,MACH-E 2025,STANDARD RANGE,STANDARD RANGE,SUV,elettrico,automatico,,,,,59900,49900,10000,bozza,"modello da riga 7, autonomia da riga 10",riga 7 non copre questa colonna: modello Mach-E 2025,,,,,
AMERICAN IDOL,4,explorer-st-line-3-0-v6-ecoboost-phev-my2023,Ford,Explorer,ST LINE,3.0 V6 ECOBOOST PHEV,SUV,ibrido,,integrale,3000,,,91250,63500,27750,pubblica,EXPLORER MY2023 AWD,,,,,,
AMERICAN IDOL,6,explorer-platinum-3-0-v6-ecoboost-phev-my2023,Ford,Explorer,PLATINUM,3.0 V6 ECOBOOST PHEV,SUV,ibrido,,integrale,3000,,,92250,64500,27750,pubblica,EXPLORER MY2023 AWD,,,,,,
AMERICAN IDOL,4,bronco-badlands-2-7-v6-ecoboost-biturbo,Ford,Bronco,BADLANDS,2.7 V6 ECOBOOST biturbo,SUV,benzina,,integrale,2700,,,76100,65100,11000,pubblica,,,,,,,
AMERICAN IDOL,2,mustang-5-0-gt-fastback-man-5-0-446cv,Ford,Mustang,5.0 GT Fastback Man,5.0 446CV,Coupé,benzina,manuale,posteriore,5000,446,,58500,55500,3000,pubblica,,,,,,,
AMERICAN IDOL,4,mustang-5-0-dark-horse-man-5-0-453cv,Ford,Mustang,5.0 DARK HORSE Man,5.0 453CV,Coupé,benzina,manuale,posteriore,5000,453,,70500,67500,3000,pubblica,,,,,,,
